false_ties_score,true_ties_score,unlink_ties_score
,-0.932,-0.914
,-0.914,-0.905
-0.874,-0.905,-0.833
-0.846,-0.833,-0.832
-0.488,-0.832,-0.831
-0.407,-0.831,-0.76
0.099,-0.76,-0.743
,-0.743,-0.575
,-0.575,-0.551
,-0.551,-0.539
,-0.539,-0.53
,-0.53,-0.496
,-0.496,-0.488
,-0.488,-0.484
,-0.484,-0.471
-0.807,-0.471,-0.466
-0.731,-0.466,-0.465
-0.579,-0.466,-0.464
-0.571,-0.465,-0.452
-0.561,-0.464,-0.45
-0.535,-0.452,-0.447
,-0.452,-0.429
-0.53,-0.45,-0.427
-0.52,-0.447,-0.425
-0.515,-0.429,-0.392
-0.463,-0.427,-0.388
-0.042,-0.425,-0.386
,-0.392,-0.379
,-0.388,-0.374
,-0.388,-0.369
-0.529,-0.386,-0.355
,-0.386,-0.339
,-0.379,-0.323
,-0.376,-0.316
,-0.374,-0.298
,-0.373,-0.288
,-0.369,-0.268
,-0.355,-0.26
-0.511,-0.342,-0.251
,-0.339,-0.218
,-0.337,-0.214
,-0.336,-0.184
,-0.325,-0.094
,-0.323,-0.08
-0.895,-0.318,-0.055
-0.861,-0.317,-0.048
-0.842,-0.316,-0.04
-0.821,-0.31,-0.028
-0.564,-0.302,-0.026
-0.454,-0.3,-0.008
-0.45,-0.298,0.046
,-0.288,0.054
,-0.281,0.097
,-0.274,0.107
,-0.268,0.12
,-0.267,0.15
,-0.261,0.195
,-0.26,0.234
,-0.26,0.252
,-0.251,0.267
-0.846,-0.246,0.273
-0.842,-0.244,0.274
-0.797,-0.244,0.276
-0.771,-0.241,0.277
-0.573,-0.227,0.324
-0.545,-0.218,0.332
-0.535,-0.214,0.357
-0.499,-0.211,0.373
-0.471,-0.204,0.383
,-0.203,0.39
,-0.199,0.45
,-0.199,0.846
,-0.199,
,-0.184,
0.383,-0.182,
,-0.179,
,-0.175,
-0.477,-0.169,
-0.468,-0.169,
,-0.168,
,-0.167,
,-0.161,
,-0.156,
,-0.152,
,-0.151,
,-0.144,
,-0.13,
-0.776,-0.119,
,-0.119,
,-0.111,
-0.776,-0.106,
,-0.094,
-0.851,-0.092,
,-0.091,
,-0.089,
,-0.086,
,-0.082,
,-0.08,
-0.597,-0.077,
,-0.072,
,-0.065,
-0.786,-0.064,
-0.56,-0.062,
-0.543,-0.062,
-0.478,-0.059,
,-0.055,
,-0.048,
,-0.045,
,-0.04,
,-0.032,
,-0.028,
,-0.028,
,-0.026,
,-0.024,
,-0.015,
,-0.015,
-0.828,-0.012,
,-0.008,
,-0.008,
-0.457,-0.005,
,-0.0,
,0.009,
,0.011,
,0.013,
-0.751,0.013,
-0.39,0.015,
,0.015,
,0.016,
,0.025,
-0.867,0.04,
,0.043,
,0.045,
-0.888,0.046,
-0.53,0.054,
,0.057,
-0.494,0.06,
,0.062,
,0.071,
,0.071,
,0.077,
,0.078,
,0.088,
,0.097,
-0.891,0.098,
-0.848,0.105,
-0.812,0.107,
-0.792,0.108,
-0.617,0.11,
-0.58,0.117,
-0.057,0.12,
,0.126,
,0.129,
,0.15,
,0.152,
,0.166,
,0.168,
,0.172,
,0.174,
,0.174,
-0.446,0.175,
,0.176,
-0.745,0.185,
,0.186,
,0.189,
,0.195,
-0.546,0.196,
-0.491,0.198,
,0.199,
,0.201,
,0.202,
0.036,0.204,
,0.207,
-0.788,0.216,
,0.221,
,0.223,
0.194,0.234,
,0.24,
-0.572,0.242,
,0.242,
,0.243,
,0.244,
,0.244,
,0.246,
,0.248,
-0.8,0.252,
,0.252,
,0.259,
-0.527,0.264,
,0.264,
,0.265,
,0.266,
,0.267,
,0.268,
-0.886,0.268,
-0.472,0.271,
,0.272,
,0.273,
,0.273,
-0.83,0.273,
-0.827,0.274,
-0.616,0.276,
-0.492,0.277,
0.049,0.279,
,0.279,
-0.041,0.28,
,0.281,
,0.286,
-0.308,0.287,
,0.289,
,0.29,
,0.293,
,0.295,
-0.874,0.304,
-0.784,0.31,
,0.317,
-0.831,0.318,
-0.47,0.319,
,0.319,
-0.519,0.32,
-0.466,0.321,
,0.323,
-0.883,0.324,
,0.324,
,0.325,
,0.325,
-0.88,0.325,
-0.782,0.328,
-0.781,0.328,
-0.677,0.328,
-0.606,0.331,
-0.606,0.332,
-0.548,0.332,
-0.478,0.333,
,0.335,
,0.337,
,0.337,
,0.338,
-0.82,0.34,
-0.543,0.343,
-0.428,0.344,
,0.348,
,0.348,
-0.765,0.35,
,0.351,
,0.354,
,0.355,
,0.355,
-0.466,0.355,
,0.357,
,0.357,
-0.802,0.357,
-0.476,0.358,
-0.366,0.358,
,0.359,
,0.359,
,0.36,
,0.361,
,0.364,
,0.365,
-0.511,0.366,
,0.367,
-0.801,0.368,
-0.795,0.369,
-0.759,0.369,
-0.601,0.37,
-0.579,0.37,
-0.533,0.371,
-0.523,0.371,
-0.507,0.371,
-0.368,0.372,
-0.351,0.372,
,0.373,
,0.373,
-0.475,0.374,
,0.374,
,0.374,
0.213,0.375,
,0.375,
,0.376,
,0.376,
,0.376,
-0.872,0.376,
,0.377,
,0.379,
,0.38,
,0.38,
,0.38,
,0.383,
,0.385,
,0.386,
-0.539,0.386,
,0.388,
,0.388,
-0.719,0.388,
,0.389,
,0.39,
,0.39,
-0.853,0.391,
-0.036,0.391,
,0.391,
,0.391,
,0.391,
-0.872,0.392,
-0.473,0.392,
,0.393,
,0.393,
,0.393,
,0.393,
,0.393,
-0.861,0.395,
-0.842,0.396,
-0.808,0.396,
-0.803,0.398,
-0.784,0.398,
-0.716,0.398,
-0.629,0.399,
-0.624,0.399,
-0.549,0.4,
-0.538,0.4,
-0.522,0.4,
-0.52,0.4,
-0.486,0.401,
,0.401,
-0.456,0.401,
,0.402,
,0.402,
-0.476,0.403,
,0.403,
,0.404,
,0.405,
,0.406,
,0.407,
-0.488,0.408,
-0.486,0.408,
-0.462,0.409,
-0.358,0.409,
-0.266,0.409,
,0.41,
,0.41,
,0.412,
,0.412,
,0.413,
,0.413,
,0.413,
-0.853,0.413,
-0.595,0.413,
,0.413,
-0.519,0.414,
,0.415,
-0.853,0.415,
,0.415,
,0.416,
,0.416,
-0.846,0.417,
-0.835,0.417,
-0.811,0.417,
-0.81,0.418,
-0.795,0.419,
-0.712,0.419,
-0.633,0.419,
-0.557,0.419,
-0.425,0.42,
,0.42,
,0.421,
,0.422,
-0.676,0.422,
-0.515,0.422,
,0.423,
-0.017,0.423,
,0.423,
,0.424,
,0.424,
-0.52,0.425,
,0.425,
,0.425,
,0.427,
-0.003,0.427,
,0.427,
,0.427,
-0.573,0.428,
,0.429,
,0.429,
,0.429,
-0.53,0.43,
-0.498,0.43,
,0.43,
,0.431,
,0.431,
,0.431,
,0.432,
,0.432,
,0.432,
,0.432,
-0.575,0.433,
,0.433,
,0.433,
,0.434,
-0.509,0.434,
,0.434,
,0.435,
,0.435,
-0.859,0.435,
,0.435,
,0.436,
,0.436,
,0.436,
,0.436,
,0.436,
,0.437,
,0.437,
,0.437,
,0.437,
-0.872,0.437,
,0.438,
,0.438,
,0.439,
,0.439,
,0.439,
-0.921,0.439,
,0.439,
-0.864,0.44,
-0.826,0.44,
,0.441,
,0.441,
-0.54,0.441,
,0.441,
,0.441,
,0.441,
,0.442,
,0.442,
,0.443,
,0.443,
,0.443,
,0.444,
,0.444,
,0.444,
,0.444,
-0.616,0.444,
,0.445,
,0.445,
-0.86,0.446,
-0.763,0.446,
-0.456,0.446,
,0.447,
-0.51,0.447,
-0.485,0.447,
-0.285,0.447,
,0.447,
0.976,0.447,
,0.448,
,0.448,
,0.448,
,0.449,
,0.45,
-0.855,0.45,
-0.609,0.45,
-0.55,0.451,
-0.524,0.451,
-0.504,0.452,
-0.493,0.452,
-0.416,0.452,
,0.453,
-0.581,0.453,
,0.453,
,0.453,
-0.456,0.453,
,0.454,
,0.454,
-0.282,0.454,
,0.455,
,0.455,
,0.455,
,0.455,
,0.455,
-0.492,0.455,
,0.455,
0.181,0.455,
,0.455,
,0.456,
,0.456,
,0.456,
,0.456,
,0.456,
,0.457,
,0.457,
,0.457,
,0.457,
,0.457,
-0.877,0.457,
-0.83,0.457,
-0.824,0.457,
-0.812,0.457,
-0.778,0.458,
-0.581,0.458,
-0.542,0.458,
-0.509,0.459,
,0.459,
-0.407,0.459,
-0.375,0.459,
,0.459,
-0.884,0.459,
-0.721,0.46,
-0.559,0.46,
-0.546,0.46,
-0.532,0.461,
-0.525,0.461,
-0.216,0.461,
,0.461,
,0.461,
,0.461,
-0.423,0.462,
,0.462,
-0.503,0.462,
,0.462,
,0.463,
,0.463,
,0.463,
,0.463,
,0.463,
-0.555,0.464,
-0.418,0.464,
,0.464,
,0.464,
,0.465,
,0.465,
,0.465,
,0.465,
,0.465,
,0.466,
,0.466,
,0.466,
,0.466,
,0.467,
,0.467,
,0.467,
,0.467,
,0.467,
,0.467,
,0.467,
,0.468,
-0.42,0.468,
,0.468,
,0.468,
,0.468,
-0.853,0.469,
-0.834,0.469,
,0.469,
-0.555,0.469,
,0.47,
-0.533,0.47,
-0.476,0.471,
,0.471,
,0.471,
-0.829,0.471,
,0.471,
,0.471,
-0.867,0.471,
,0.471,
,0.472,
-0.813,0.472,
-0.487,0.472,
-0.457,0.472,
-0.356,0.472,
,0.472,
,0.472,
,0.472,
,0.473,
,0.473,
-0.809,0.473,
,0.473,
,0.474,
,0.474,
,0.474,
-0.69,0.474,
-0.626,0.474,
,0.475,
-0.353,0.475,
,0.475,
,0.475,
-0.598,0.475,
,0.476,
,0.476,
,0.476,
,0.476,
,0.476,
,0.476,
,0.476,
-0.764,0.476,
,0.477,
,0.477,
,0.477,
,0.477,
,0.477,
,0.478,
-0.854,0.478,
-0.475,0.478,
,0.478,
,0.478,
,0.479,
-0.846,0.479,
,0.479,
,0.479,
,0.479,
-0.883,0.479,
,0.479,
-0.823,0.48,
-0.597,0.48,
,0.48,
-0.527,0.48,
,0.48,
-0.924,0.48,
,0.48,
,0.48,
-0.579,0.48,
-0.548,0.48,
,0.481,
,0.481,
,0.481,
-0.775,0.481,
,0.481,
,0.481,
,0.481,
-0.818,0.482,
,0.482,
,0.482,
-0.881,0.482,
,0.483,
,0.483,
,0.483,
,0.484,
,0.484,
-0.865,0.484,
-0.634,0.484,
,0.485,
,0.485,
,0.486,
-0.864,0.486,
-0.593,0.486,
-0.56,0.486,
,0.486,
-0.834,0.486,
-0.601,0.487,
-0.597,0.487,
-0.572,0.487,
-0.543,0.487,
-0.41,0.487,
,0.488,
-0.522,0.488,
,0.488,
,0.488,
,0.488,
,0.489,
,0.489,
-0.031,0.489,
,0.489,
,0.489,
,0.49,
-0.483,0.49,
,0.49,
-0.411,0.49,
,0.49,
-0.796,0.49,
-0.563,0.49,
,0.49,
,0.49,
-0.863,0.49,
,0.491,
,0.491,
-0.883,0.491,
-0.835,0.491,
-0.791,0.491,
-0.788,0.491,
-0.687,0.492,
-0.652,0.492,
-0.593,0.492,
-0.452,0.492,
,0.492,
,0.493,
-0.761,0.493,
-0.539,0.493,
-0.424,0.493,
-0.298,0.493,
,0.493,
,0.493,
,0.494,
,0.494,
,0.494,
,0.494,
-0.611,0.495,
,0.495,
,0.495,
,0.495,
,0.495,
,0.495,
,0.495,
-0.719,0.496,
,0.496,
,0.496,
,0.496,
,0.496,
,0.496,
,0.496,
-0.527,0.496,
-0.486,0.496,
,0.496,
,0.497,
-0.495,0.497,
,0.497,
-0.866,0.497,
-0.845,0.497,
-0.734,0.497,
,0.497,
-0.466,0.498,
-0.283,0.498,
,0.498,
,0.498,
,0.498,
-0.702,0.498,
-0.554,0.498,
,0.498,
,0.498,
-0.844,0.499,
-0.822,0.499,
-0.591,0.499,
-0.568,0.499,
-0.544,0.499,
-0.524,0.499,
-0.214,0.499,
,0.499,
,0.5,
,0.5,
,0.5,
,0.5,
,0.5,
,0.5,
,0.5,
,0.5,
-0.806,0.5,
-0.729,0.5,
-0.048,0.501,
,0.501,
,0.501,
,0.501,
,0.501,
,0.501,
,0.502,
,0.502,
,0.502,
,0.503,
,0.503,
,0.503,
,0.503,
,0.503,
,0.503,
,0.503,
,0.503,
-0.863,0.504,
-0.857,0.504,
-0.814,0.504,
-0.786,0.504,
,0.504,
-0.599,0.504,
-0.595,0.505,
-0.429,0.505,
,0.505,
,0.505,
,0.505,
-0.816,0.505,
-0.509,0.505,
,0.506,
,0.506,
,0.506,
,0.506,
-0.554,0.506,
,0.506,
,0.506,
,0.506,
,0.507,
,0.507,
-0.875,0.507,
-0.827,0.507,
-0.467,0.507,
,0.508,
,0.508,
,0.508,
-0.55,0.508,
,0.508,
-0.51,0.508,
,0.508,
,0.509,
-0.855,0.509,
-0.431,0.509,
,0.509,
,0.509,
-0.853,0.509,
,0.509,
,0.51,
,0.51,
,0.51,
,0.51,
-0.881,0.51,
-0.817,0.51,
,0.51,
,0.51,
,0.51,
-0.809,0.511,
-0.798,0.511,
-0.754,0.511,
-0.745,0.511,
-0.693,0.511,
-0.63,0.511,
-0.615,0.511,
-0.607,0.511,
-0.579,0.511,
-0.575,0.511,
-0.518,0.511,
-0.497,0.511,
-0.445,0.512,
0.09,0.512,
,0.512,
,0.512,
,0.512,
,0.512,
-0.503,0.512,
-0.467,0.512,
,0.512,
,0.513,
,0.513,
,0.513,
,0.513,
,0.514,
,0.514,
,0.514,
-0.868,0.514,
-0.478,0.514,
,0.514,
,0.515,
,0.515,
,0.515,
,0.515,
-0.9,0.515,
-0.898,0.515,
-0.793,0.515,
,0.515,
-0.393,0.516,
,0.516,
,0.516,
,0.516,
,0.516,
,0.516,
-0.873,0.516,
-0.772,0.516,
-0.712,0.516,
-0.559,0.516,
-0.436,0.516,
,0.517,
,0.517,
,0.517,
,0.517,
,0.517,
,0.517,
,0.517,
-0.863,0.517,
-0.773,0.517,
-0.567,0.517,
-0.43,0.517,
,0.517,
,0.517,
,0.517,
-0.558,0.517,
-0.515,0.517,
-0.405,0.518,
,0.518,
,0.518,
-0.519,0.518,
,0.518,
-0.789,0.518,
,0.518,
,0.518,
-0.897,0.519,
-0.452,0.519,
,0.519,
,0.519,
-0.285,0.519,
,0.519,
-0.265,0.519,
,0.519,
,0.519,
,0.519,
-0.85,0.519,
-0.802,0.519,
,0.519,
-0.754,0.519,
-0.712,0.519,
-0.552,0.519,
,0.52,
,0.52,
-0.626,0.52,
-0.583,0.52,
,0.52,
-0.825,0.521,
-0.741,0.521,
-0.591,0.521,
-0.571,0.521,
-0.569,0.521,
,0.521,
-0.508,0.521,
,0.521,
-0.777,0.521,
,0.521,
,0.522,
-0.479,0.522,
,0.522,
,0.522,
-0.466,0.522,
,0.522,
,0.522,
-0.824,0.522,
-0.58,0.522,
-0.503,0.522,
,0.522,
,0.522,
,0.522,
,0.523,
-0.865,0.523,
-0.834,0.523,
-0.817,0.523,
-0.8,0.523,
-0.762,0.523,
-0.669,0.524,
-0.432,0.524,
,0.524,
,0.524,
,0.524,
,0.524,
,0.524,
-0.811,0.524,
,0.524,
,0.524,
-0.457,0.524,
,0.524,
,0.524,
,0.524,
,0.525,
,0.525,
-0.541,0.525,
,0.525,
,0.525,
,0.525,
,0.525,
,0.525,
-0.76,0.525,
,0.525,
,0.525,
,0.525,
-0.584,0.526,
,0.526,
,0.526,
,0.526,
,0.526,
,0.526,
,0.526,
,0.526,
-0.808,0.526,
,0.526,
,0.526,
-0.9,0.526,
-0.805,0.526,
-0.712,0.526,
-0.601,0.527,
-0.529,0.527,
,0.527,
-0.769,0.527,
-0.588,0.527,
-0.083,0.527,
,0.527,
,0.527,
,0.527,
,0.527,
,0.527,
-0.749,0.528,
-0.559,0.528,
-0.541,0.528,
-0.504,0.528,
,0.528,
,0.528,
,0.528,
,0.528,
,0.528,
,0.529,
-0.428,0.529,
,0.529,
,0.529,
-0.849,0.529,
,0.529,
-0.648,0.529,
-0.45,0.529,
,0.529,
,0.53,
,0.53,
,0.53,
,0.53,
,0.53,
,0.53,
,0.53,
-0.902,0.53,
-0.77,0.531,
-0.744,0.531,
-0.719,0.531,
,0.531,
-0.768,0.531,
-0.694,0.531,
-0.634,0.531,
-0.611,0.531,
-0.591,0.531,
-0.58,0.531,
-0.563,0.531,
-0.542,0.532,
-0.539,0.532,
-0.527,0.532,
-0.524,0.532,
-0.518,0.532,
-0.449,0.532,
-0.444,0.532,
-0.441,0.532,
-0.083,0.532,
0.314,0.532,
,0.533,
,0.533,
,0.533,
,0.533,
,0.533,
-0.496,0.533,
,0.533,
,0.533,
,0.533,
,0.533,
,0.533,
,0.533,
,0.534,
,0.534,
,0.534,
,0.534,
,0.534,
,0.534,
,0.534,
,0.534,
,0.534,
,0.534,
,0.534,
,0.534,
,0.534,
-0.682,0.534,
,0.534,
-0.836,0.534,
-0.803,0.535,
,0.535,
-0.831,0.535,
,0.535,
-0.892,0.535,
-0.718,0.535,
-0.703,0.535,
-0.645,0.535,
,0.536,
,0.536,
-0.574,0.536,
-0.54,0.536,
-0.501,0.536,
,0.536,
,0.536,
,0.536,
,0.537,
,0.537,
,0.537,
,0.537,
-0.454,0.537,
,0.537,
,0.537,
-0.697,0.537,
-0.643,0.537,
-0.612,0.537,
,0.537,
-0.509,0.537,
-0.47,0.537,
,0.537,
-0.367,0.537,
,0.537,
,0.537,
,0.537,
,0.537,
,0.538,
-0.587,0.538,
-0.496,0.538,
,0.538,
,0.538,
,0.538,
,0.538,
,0.538,
,0.538,
,0.538,
,0.538,
,0.538,
,0.539,
,0.539,
,0.539,
,0.539,
-0.856,0.539,
,0.539,
-0.902,0.539,
-0.848,0.539,
-0.758,0.539,
-0.499,0.539,
,0.539,
,0.539,
-0.476,0.539,
-0.473,0.54,
,0.54,
,0.54,
,0.54,
,0.54,
,0.54,
,0.54,
-0.559,0.54,
-0.447,0.541,
-0.416,0.541,
-0.196,0.541,
,0.541,
,0.541,
,0.541,
,0.541,
,0.541,
-0.536,0.541,
,0.541,
,0.542,
,0.542,
,0.542,
,0.542,
,0.542,
-0.9,0.542,
-0.883,0.542,
-0.777,0.542,
-0.62,0.542,
-0.594,0.542,
-0.572,0.542,
-0.54,0.542,
,0.542,
,0.543,
-0.796,0.543,
,0.543,
,0.543,
-0.54,0.543,
-0.439,0.543,
,0.543,
,0.543,
,0.543,
,0.544,
,0.544,
-0.473,0.544,
,0.544,
-0.791,0.544,
,0.544,
,0.544,
-0.617,0.544,
-0.495,0.544,
,0.544,
,0.545,
,0.545,
-0.492,0.545,
,0.545,
,0.545,
-0.766,0.545,
-0.208,0.545,
,0.545,
,0.545,
,0.545,
-0.83,0.545,
,0.546,
,0.546,
-0.89,0.546,
-0.889,0.546,
,0.546,
-0.852,0.547,
-0.812,0.547,
-0.58,0.547,
-0.569,0.547,
-0.512,0.547,
,0.547,
,0.547,
,0.547,
,0.548,
-0.584,0.548,
,0.548,
-0.184,0.548,
,0.548,
,0.548,
,0.548,
,0.548,
,0.548,
-0.827,0.548,
-0.433,0.548,
,0.548,
-0.569,0.548,
,0.549,
-0.687,0.549,
,0.549,
-0.419,0.549,
,0.549,
,0.549,
,0.549,
,0.55,
,0.55,
,0.55,
,0.55,
-0.852,0.55,
-0.773,0.55,
,0.55,
,0.55,
,0.55,
,0.55,
,0.55,
,0.551,
,0.551,
,0.551,
,0.551,
,0.551,
-0.906,0.551,
-0.882,0.551,
-0.855,0.551,
-0.845,0.551,
-0.844,0.551,
-0.76,0.551,
-0.73,0.552,
-0.691,0.552,
-0.652,0.552,
-0.617,0.552,
-0.611,0.552,
-0.589,0.552,
-0.566,0.552,
-0.562,0.552,
-0.544,0.552,
-0.486,0.552,
,0.552,
-0.431,0.552,
,0.553,
,0.553,
,0.553,
,0.553,
,0.553,
,0.553,
,0.553,
-0.486,0.553,
-0.166,0.553,
,0.553,
,0.553,
,0.553,
,0.553,
,0.554,
,0.554,
,0.554,
,0.554,
,0.554,
,0.554,
,0.554,
,0.554,
-0.496,0.554,
,0.554,
,0.554,
,0.554,
,0.554,
-0.891,0.554,
-0.816,0.555,
-0.767,0.555,
-0.676,0.555,
-0.535,0.555,
-0.53,0.555,
-0.474,0.555,
-0.434,0.555,
,0.555,
,0.555,
-0.852,0.555,
,0.555,
,0.555,
-0.509,0.555,
,0.555,
,0.555,
,0.556,
,0.556,
,0.556,
,0.556,
,0.556,
,0.556,
,0.556,
,0.556,
-0.626,0.556,
,0.556,
-0.465,0.556,
,0.556,
,0.556,
,0.556,
-0.831,0.556,
-0.008,0.556,
,0.556,
,0.557,
,0.557,
,0.557,
-0.475,0.557,
,0.557,
,0.557,
-0.624,0.557,
,0.557,
,0.557,
,0.557,
-0.815,0.557,
-0.492,0.558,
,0.558,
,0.558,
,0.558,
-0.838,0.558,
,0.558,
,0.558,
-0.454,0.558,
,0.558,
,0.558,
,0.558,
-0.779,0.558,
-0.772,0.558,
,0.558,
,0.558,
,0.558,
,0.559,
,0.559,
,0.559,
-0.774,0.559,
,0.559,
,0.559,
-0.545,0.559,
-0.451,0.559,
,0.559,
-0.497,0.559,
0.119,0.56,
,0.56,
,0.56,
-0.842,0.56,
-0.487,0.56,
,0.56,
,0.56,
-0.463,0.561,
,0.561,
,0.561,
-0.725,0.561,
-0.497,0.561,
,0.561,
-0.874,0.561,
-0.48,0.561,
,0.561,
-0.87,0.561,
,0.561,
-0.837,0.561,
,0.561,
,0.561,
-0.672,0.562,
,0.562,
,0.562,
-0.801,0.562,
-0.668,0.562,
-0.345,0.562,
,0.562,
-0.799,0.562,
,0.562,
-0.842,0.562,
-0.823,0.562,
-0.823,0.562,
-0.669,0.562,
-0.635,0.563,
-0.573,0.563,
-0.545,0.563,
-0.499,0.563,
,0.563,
,0.563,
,0.563,
,0.563,
-0.689,0.563,
-0.588,0.563,
-0.268,0.563,
,0.563,
,0.563,
,0.563,
,0.563,
,0.563,
,0.564,
,0.564,
,0.564,
,0.564,
-0.892,0.564,
0.229,0.564,
,0.564,
-0.838,0.564,
,0.564,
,0.564,
,0.564,
,0.564,
,0.564,
,0.564,
-0.567,0.564,
-0.488,0.564,
,0.564,
,0.565,
,0.565,
,0.565,
,0.565,
,0.565,
-0.523,0.565,
,0.565,
,0.565,
,0.565,
,0.565,
,0.565,
-0.586,0.565,
-0.585,0.565,
-0.453,0.565,
,0.565,
-0.425,0.565,
-0.393,0.566,
,0.566,
,0.566,
,0.566,
,0.566,
,0.566,
,0.566,
-0.558,0.566,
-0.491,0.566,
,0.566,
,0.566,
,0.566,
-0.76,0.566,
-0.548,0.566,
-0.273,0.566,
-0.05,0.566,
,0.566,
,0.566,
,0.567,
,0.567,
,0.567,
,0.567,
-0.868,0.567,
-0.805,0.567,
-0.731,0.567,
-0.728,0.567,
-0.575,0.567,
-0.568,0.567,
-0.566,0.567,
-0.561,0.567,
-0.557,0.568,
-0.543,0.568,
,0.568,
-0.517,0.568,
,0.568,
,0.568,
-0.5,0.568,
-0.321,0.568,
,0.568,
,0.568,
,0.568,
,0.568,
,0.569,
,0.569,
,0.569,
,0.569,
,0.569,
,0.569,
-0.473,0.569,
-0.069,0.569,
,0.569,
,0.569,
,0.569,
,0.569,
,0.569,
,0.57,
-0.61,0.57,
,0.57,
,0.57,
-0.875,0.57,
,0.57,
,0.57,
-0.529,0.57,
,0.57,
,0.57,
,0.57,
-0.623,0.57,
,0.57,
,0.57,
-0.498,0.57,
,0.571,
,0.571,
-0.501,0.571,
,0.571,
,0.571,
,0.571,
-0.846,0.571,
,0.571,
,0.571,
,0.571,
-0.864,0.571,
,0.572,
-0.91,0.572,
-0.792,0.572,
,0.572,
,0.572,
-0.596,0.572,
,0.572,
,0.572,
-0.904,0.572,
,0.572,
,0.572,
,0.572,
,0.573,
,0.573,
-0.865,0.573,
,0.573,
-0.726,0.573,
-0.455,0.573,
,0.573,
,0.573,
-0.831,0.573,
,0.573,
-0.733,0.573,
0.097,0.573,
,0.573,
-0.884,0.573,
,0.573,
,0.573,
-0.863,0.574,
,0.574,
,0.574,
,0.574,
,0.574,
,0.575,
,0.575,
,0.575,
,0.575,
,0.575,
-0.664,0.575,
,0.575,
-0.743,0.575,
,0.575,
,0.575,
,0.575,
,0.575,
-0.858,0.576,
-0.822,0.576,
,0.576,
,0.576,
,0.576,
,0.576,
,0.576,
-0.486,0.576,
,0.576,
,0.576,
,0.576,
,0.576,
,0.577,
-0.91,0.577,
-0.904,0.577,
-0.475,0.577,
-0.395,0.577,
,0.577,
,0.577,
-0.897,0.577,
,0.577,
,0.577,
-0.853,0.577,
,0.577,
,0.577,
,0.577,
,0.577,
-0.913,0.577,
-0.865,0.577,
-0.838,0.578,
-0.474,0.578,
,0.578,
-0.551,0.578,
,0.578,
-0.582,0.578,
,0.578,
,0.578,
,0.578,
-0.885,0.578,
-0.838,0.578,
-0.796,0.578,
-0.776,0.578,
-0.594,0.578,
,0.579,
,0.579,
,0.579,
-0.602,0.579,
-0.577,0.579,
,0.579,
,0.579,
,0.579,
,0.579,
-0.786,0.579,
-0.783,0.58,
,0.58,
,0.58,
-0.499,0.58,
,0.58,
,0.58,
-0.513,0.58,
,0.58,
,0.581,
-0.812,0.581,
-0.539,0.581,
,0.581,
,0.581,
-0.897,0.581,
-0.879,0.581,
-0.805,0.581,
,0.581,
-0.707,0.581,
-0.562,0.581,
-0.556,0.581,
-0.498,0.581,
-0.396,0.581,
,0.582,
-0.475,0.582,
,0.582,
-0.89,0.582,
-0.867,0.582,
-0.533,0.582,
-0.514,0.582,
,0.582,
-0.851,0.582,
0.195,0.583,
,0.583,
,0.583,
,0.583,
-0.787,0.583,
,0.583,
,0.583,
,0.583,
,0.583,
-0.823,0.583,
,0.583,
,0.583,
,0.583,
-0.855,0.583,
-0.523,0.583,
-0.385,0.583,
,0.583,
,0.583,
,0.583,
,0.583,
,0.584,
,0.584,
,0.584,
,0.584,
-0.838,0.584,
-0.524,0.584,
,0.584,
-0.832,0.584,
-0.739,0.584,
-0.575,0.584,
,0.584,
,0.584,
-0.688,0.584,
-0.489,0.585,
0.314,0.585,
,0.585,
,0.585,
,0.585,
,0.585,
,0.585,
,0.585,
-0.869,0.585,
-0.798,0.585,
-0.583,0.585,
,0.585,
-0.547,0.585,
,0.585,
,0.586,
,0.586,
,0.586,
,0.586,
-0.603,0.586,
,0.586,
-0.809,0.586,
-0.601,0.586,
-0.573,0.586,
-0.256,0.586,
,0.587,
,0.587,
,0.587,
,0.587,
,0.587,
-0.467,0.587,
-0.451,0.587,
-0.323,0.587,
,0.587,
-0.93,0.587,
-0.85,0.587,
-0.83,0.587,
-0.596,0.587,
-0.369,0.588,
,0.588,
,0.588,
,0.588,
,0.588,
,0.588,
,0.588,
,0.588,
-0.896,0.588,
-0.891,0.588,
-0.874,0.588,
-0.842,0.588,
-0.833,0.588,
-0.814,0.588,
-0.767,0.589,
-0.595,0.589,
-0.593,0.589,
-0.53,0.589,
-0.443,0.589,
,0.589,
,0.589,
-0.496,0.589,
,0.589,
,0.589,
,0.589,
,0.589,
,0.589,
,0.589,
-0.474,0.589,
-0.011,0.589,
,0.59,
-0.579,0.59,
,0.59,
,0.59,
-0.553,0.59,
,0.59,
,0.59,
,0.59,
,0.59,
,0.59,
-0.743,0.59,
-0.586,0.59,
-0.578,0.59,
-0.55,0.59,
0.2,0.59,
,0.59,
,0.59,
-0.529,0.59,
,0.59,
,0.59,
,0.59,
,0.591,
,0.591,
,0.591,
-0.614,0.591,
-0.507,0.591,
,0.591,
,0.591,
-0.853,0.591,
-0.727,0.591,
,0.591,
,0.592,
-0.842,0.592,
-0.742,0.592,
-0.529,0.592,
,0.592,
-0.832,0.592,
-0.504,0.592,
-0.435,0.592,
-0.409,0.592,
,0.593,
-0.835,0.593,
,0.593,
,0.593,
,0.593,
-0.575,0.593,
-0.324,0.593,
-0.288,0.593,
,0.593,
,0.593,
,0.593,
,0.593,
-0.842,0.593,
,0.593,
-0.878,0.593,
,0.593,
-0.846,0.593,
,0.593,
,0.594,
-0.863,0.594,
,0.594,
-0.495,0.594,
-0.494,0.594,
,0.594,
-0.47,0.594,
,0.594,
,0.594,
,0.594,
,0.594,
-0.826,0.594,
,0.594,
,0.595,
,0.595,
,0.595,
-0.83,0.595,
-0.594,0.595,
,0.595,
,0.595,
,0.595,
,0.595,
,0.595,
-0.84,0.595,
-0.578,0.595,
-0.457,0.595,
-0.364,0.595,
-0.196,0.595,
,0.595,
-0.863,0.595,
,0.595,
-0.861,0.595,
-0.821,0.595,
-0.533,0.595,
-0.528,0.596,
,0.596,
,0.596,
,0.596,
-0.842,0.596,
-0.825,0.596,
-0.788,0.596,
-0.547,0.596,
-0.533,0.596,
-0.512,0.596,
-0.49,0.596,
-0.482,0.596,
-0.46,0.597,
,0.597,
,0.597,
,0.597,
,0.597,
,0.597,
,0.597,
,0.597,
,0.597,
,0.598,
,0.598,
,0.598,
,0.598,
,0.598,
-0.647,0.598,
-0.585,0.598,
-0.398,0.599,
,0.599,
,0.599,
,0.599,
,0.599,
,0.599,
,0.599,
-0.935,0.599,
-0.825,0.599,
-0.75,0.599,
-0.731,0.599,
-0.536,0.599,
-0.394,0.599,
-0.251,0.599,
,0.599,
,0.6,
,0.6,
,0.6,
,0.6,
,0.6,
,0.6,
-0.898,0.6,
-0.89,0.6,
-0.876,0.6,
-0.865,0.6,
-0.822,0.601,
-0.71,0.601,
-0.581,0.601,
-0.533,0.601,
-0.513,0.601,
-0.048,0.601,
,0.601,
,0.601,
,0.601,
,0.601,
,0.601,
,0.601,
,0.601,
,0.601,
,0.602,
,0.602,
,0.602,
,0.602,
,0.602,
,0.602,
-0.782,0.602,
-0.525,0.602,
,0.602,
0.075,0.602,
,0.602,
,0.602,
,0.602,
,0.602,
,0.602,
-0.574,0.602,
,0.602,
,0.602,
,0.602,
,0.602,
,0.603,
,0.603,
,0.603,
-0.688,0.603,
,0.603,
,0.603,
-0.839,0.603,
,0.603,
-0.893,0.603,
-0.882,0.604,
-0.86,0.604,
-0.803,0.604,
-0.78,0.604,
-0.777,0.604,
-0.759,0.604,
-0.609,0.604,
-0.581,0.604,
-0.564,0.604,
-0.524,0.604,
-0.511,0.604,
-0.504,0.604,
-0.469,0.605,
-0.454,0.605,
-0.233,0.605,
,0.605,
,0.605,
,0.605,
-0.442,0.605,
,0.605,
,0.605,
,0.605,
,0.605,
-0.314,0.605,
0.305,0.605,
,0.606,
,0.606,
,0.606,
,0.606,
,0.606,
,0.606,
,0.606,
,0.606,
,0.606,
,0.606,
,0.606,
-0.832,0.606,
,0.606,
-0.403,0.607,
,0.607,
-0.57,0.607,
,0.607,
,0.607,
,0.607,
-0.817,0.607,
,0.607,
-0.555,0.607,
,0.607,
,0.607,
,0.607,
-0.903,0.607,
-0.748,0.607,
-0.609,0.607,
-0.566,0.608,
-0.531,0.608,
-0.519,0.608,
-0.509,0.608,
,0.608,
,0.608,
-0.59,0.608,
-0.559,0.608,
-0.522,0.608,
,0.608,
,0.608,
,0.608,
,0.608,
-0.487,0.608,
-0.476,0.608,
,0.609,
,0.609,
,0.609,
,0.609,
,0.609,
,0.609,
,0.609,
,0.609,
,0.609,
,0.609,
-0.332,0.609,
,0.609,
,0.61,
-0.84,0.61,
-0.828,0.61,
-0.821,0.61,
-0.53,0.61,
-0.494,0.61,
,0.61,
-0.624,0.61,
-0.448,0.61,
,0.61,
,0.61,
,0.61,
-0.807,0.611,
-0.429,0.611,
,0.611,
-0.571,0.611,
-0.515,0.611,
-0.426,0.611,
-0.41,0.611,
,0.611,
,0.611,
,0.611,
,0.611,
,0.611,
,0.611,
,0.611,
,0.612,
,0.612,
-0.878,0.612,
,0.612,
-0.825,0.612,
-0.525,0.612,
-0.523,0.612,
,0.612,
,0.612,
,0.612,
,0.613,
,0.613,
,0.613,
,0.613,
,0.613,
,0.613,
,0.613,
,0.613,
-0.89,0.613,
-0.529,0.614,
-0.096,0.614,
-0.001,0.614,
,0.614,
,0.614,
,0.614,
,0.614,
,0.614,
,0.614,
-0.813,0.614,
,0.614,
,0.614,
-0.551,0.614,
,0.614,
,0.614,
,0.614,
-0.788,0.614,
,0.615,
-0.628,0.615,
,0.615,
,0.615,
,0.615,
,0.615,
,0.615,
,0.615,
-0.5,0.615,
,0.615,
,0.615,
,0.616,
,0.616,
,0.616,
,0.616,
,0.616,
,0.616,
-0.476,0.616,
,0.616,
,0.616,
,0.616,
,0.616,
,0.616,
,0.616,
-0.854,0.617,
-0.549,0.617,
,0.617,
-0.872,0.617,
-0.831,0.617,
-0.828,0.617,
-0.812,0.617,
-0.796,0.618,
-0.544,0.618,
-0.436,0.618,
-0.421,0.618,
-0.35,0.618,
0.041,0.618,
,0.618,
,0.618,
,0.618,
,0.618,
,0.618,
,0.618,
,0.619,
,0.619,
,0.619,
,0.619,
,0.619,
,0.619,
,0.619,
,0.619,
,0.619,
-0.548,0.619,
,0.62,
-0.839,0.62,
-0.495,0.62,
,0.62,
,0.62,
-0.768,0.62,
,0.62,
-0.536,0.62,
,0.62,
,0.621,
-0.578,0.621,
,0.621,
,0.621,
-0.569,0.621,
,0.621,
,0.621,
-0.801,0.621,
-0.793,0.621,
-0.74,0.621,
-0.561,0.621,
-0.468,0.621,
,0.621,
,0.621,
,0.621,
,0.622,
,0.622,
,0.622,
,0.622,
,0.622,
-0.79,0.622,
-0.782,0.622,
-0.781,0.622,
,0.622,
,0.622,
,0.622,
,0.623,
-0.775,0.623,
-0.599,0.623,
-0.509,0.623,
-0.431,0.623,
,0.623,
,0.623,
,0.623,
-0.901,0.623,
,0.623,
-0.141,0.623,
,0.623,
,0.623,
-0.309,0.623,
,0.623,
-0.86,0.623,
-0.014,0.623,
,0.624,
,0.624,
,0.624,
,0.624,
,0.624,
,0.624,
-0.812,0.624,
,0.624,
,0.624,
-0.906,0.624,
-0.421,0.624,
,0.624,
-0.822,0.625,
,0.625,
,0.625,
,0.625,
-0.845,0.625,
,0.625,
-0.824,0.625,
-0.76,0.625,
-0.596,0.625,
,0.625,
,0.625,
-0.796,0.625,
,0.625,
,0.625,
-0.804,0.626,
-0.594,0.626,
-0.542,0.626,
-0.539,0.626,
-0.504,0.626,
-0.462,0.626,
-0.458,0.626,
-0.438,0.627,
0.003,0.627,
,0.627,
,0.627,
,0.627,
-0.389,0.627,
,0.627,
,0.627,
,0.627,
,0.627,
,0.627,
,0.627,
,0.627,
-0.776,0.627,
,0.627,
,0.627,
-0.455,0.627,
,0.627,
,0.627,
,0.628,
-0.868,0.628,
-0.864,0.628,
-0.837,0.628,
-0.834,0.628,
-0.775,0.628,
-0.758,0.628,
-0.551,0.628,
-0.487,0.628,
,0.629,
,0.629,
,0.629,
,0.629,
,0.629,
-0.87,0.629,
-0.843,0.629,
-0.817,0.629,
-0.598,0.629,
-0.528,0.629,
-0.514,0.629,
-0.48,0.629,
,0.629,
,0.629,
-0.431,0.629,
0.209,0.629,
,0.629,
,0.629,
,0.629,
,0.629,
,0.63,
,0.63,
,0.63,
,0.63,
,0.63,
,0.63,
-0.819,0.63,
-0.778,0.63,
-0.609,0.63,
,0.63,
,0.63,
0.089,0.63,
,0.63,
,0.63,
,0.63,
,0.631,
,0.631,
-0.891,0.631,
-0.839,0.631,
-0.831,0.631,
-0.805,0.631,
-0.571,0.631,
-0.489,0.631,
,0.631,
,0.631,
,0.631,
-0.775,0.631,
0.274,0.631,
,0.631,
,0.631,
-0.802,0.631,
-0.493,0.632,
,0.632,
,0.632,
,0.632,
,0.632,
-0.443,0.633,
,0.633,
,0.633,
,0.633,
,0.633,
,0.633,
-0.89,0.633,
,0.633,
-0.56,0.633,
,0.633,
,0.634,
,0.634,
-0.853,0.634,
-0.52,0.634,
-0.464,0.634,
,0.634,
-0.823,0.634,
,0.634,
-0.81,0.634,
,0.634,
,0.634,
,0.634,
-0.874,0.635,
-0.861,0.635,
-0.858,0.635,
-0.822,0.635,
-0.632,0.635,
-0.57,0.635,
-0.543,0.635,
-0.506,0.635,
-0.501,0.635,
-0.051,0.635,
,0.635,
,0.635,
,0.635,
-0.487,0.635,
-0.48,0.635,
-0.45,0.635,
,0.635,
,0.635,
,0.635,
,0.635,
,0.635,
,0.636,
,0.636,
,0.636,
,0.636,
,0.636,
,0.636,
,0.636,
-0.802,0.636,
-0.722,0.636,
,0.636,
,0.636,
,0.636,
,0.636,
,0.636,
,0.636,
,0.637,
,0.637,
-0.218,0.637,
,0.637,
,0.637,
-0.876,0.637,
-0.823,0.637,
-0.805,0.637,
-0.766,0.637,
-0.566,0.637,
,0.637,
-0.481,0.637,
,0.637,
,0.637,
,0.637,
,0.638,
,0.638,
,0.638,
,0.638,
,0.638,
,0.638,
,0.638,
,0.638,
-0.898,0.638,
,0.638,
-0.795,0.638,
-0.488,0.638,
0.095,0.639,
,0.639,
,0.639,
,0.639,
,0.639,
,0.639,
,0.639,
,0.639,
,0.639,
,0.639,
-0.841,0.639,
-0.524,0.64,
-0.512,0.64,
,0.64,
,0.64,
-0.834,0.64,
,0.64,
,0.64,
-0.817,0.64,
,0.64,
-0.815,0.64,
-0.782,0.64,
-0.771,0.641,
-0.739,0.641,
-0.719,0.641,
-0.626,0.641,
-0.605,0.641,
-0.603,0.641,
-0.573,0.641,
-0.537,0.641,
-0.531,0.641,
-0.517,0.642,
-0.401,0.642,
-0.121,0.642,
0.363,0.642,
,0.642,
,0.642,
,0.642,
,0.642,
,0.642,
,0.642,
,0.642,
-0.501,0.642,
-0.497,0.642,
-0.447,0.642,
,0.643,
-0.331,0.643,
,0.643,
,0.643,
,0.643,
,0.643,
,0.643,
,0.643,
,0.643,
,0.643,
,0.643,
,0.643,
-0.559,0.643,
,0.643,
-0.582,0.643,
,0.644,
,0.644,
-0.344,0.644,
,0.644,
-0.826,0.644,
-0.58,0.644,
-0.57,0.644,
-0.536,0.644,
,0.645,
,0.645,
-0.505,0.645,
-0.502,0.645,
,0.645,
,0.645,
,0.645,
-0.861,0.645,
-0.842,0.645,
-0.842,0.645,
-0.802,0.645,
,0.645,
,0.645,
,0.645,
,0.645,
,0.645,
,0.645,
,0.645,
-0.834,0.646,
,0.646,
-0.625,0.646,
-0.569,0.646,
-0.548,0.646,
-0.464,0.646,
,0.646,
,0.646,
,0.646,
,0.646,
-0.414,0.646,
,0.646,
,0.646,
0.15,0.646,
,0.647,
,0.647,
-0.403,0.647,
,0.647,
-0.881,0.647,
-0.843,0.647,
-0.803,0.647,
-0.712,0.647,
-0.618,0.647,
-0.585,0.647,
,0.647,
,0.647,
-0.804,0.648,
-0.513,0.648,
-0.49,0.648,
,0.648,
,0.648,
,0.648,
-0.795,0.648,
-0.555,0.648,
,0.648,
,0.648,
,0.648,
-0.424,0.648,
,0.648,
,0.648,
-0.853,0.648,
-0.84,0.649,
-0.593,0.649,
-0.411,0.649,
,0.649,
,0.649,
,0.649,
-0.562,0.649,
,0.649,
-0.531,0.649,
,0.649,
,0.649,
-0.41,0.649,
,0.649,
,0.649,
-0.812,0.65,
-0.583,0.65,
,0.65,
,0.65,
,0.65,
-0.388,0.65,
,0.65,
-0.896,0.65,
-0.872,0.65,
-0.856,0.65,
-0.835,0.65,
-0.833,0.651,
-0.808,0.651,
-0.671,0.651,
-0.609,0.651,
-0.588,0.651,
-0.568,0.651,
-0.542,0.652,
-0.529,0.652,
-0.484,0.652,
-0.459,0.652,
,0.652,
,0.652,
,0.652,
-0.562,0.652,
-0.556,0.652,
,0.653,
,0.653,
,0.653,
,0.653,
,0.653,
,0.653,
,0.653,
,0.653,
,0.653,
-0.532,0.653,
0.27,0.654,
,0.654,
,0.654,
-0.837,0.654,
-0.549,0.654,
,0.654,
-0.506,0.654,
,0.654,
,0.654,
,0.654,
,0.654,
,0.654,
,0.654,
-0.824,0.654,
-0.806,0.654,
,0.654,
,0.654,
,0.655,
-0.896,0.655,
-0.799,0.655,
-0.505,0.655,
-0.493,0.655,
,0.655,
-0.477,0.655,
,0.655,
,0.655,
-0.328,0.655,
,0.656,
,0.656,
,0.656,
,0.656,
-0.821,0.656,
-0.811,0.656,
-0.799,0.656,
-0.559,0.656,
,0.656,
-0.653,0.656,
,0.656,
,0.656,
-0.551,0.656,
-0.516,0.656,
-0.456,0.656,
,0.656,
,0.656,
,0.657,
,0.657,
-0.85,0.657,
-0.705,0.657,
,0.657,
-0.427,0.657,
,0.657,
,0.657,
,0.657,
,0.657,
,0.657,
,0.658,
-0.872,0.658,
-0.843,0.658,
-0.836,0.658,
-0.835,0.658,
-0.732,0.658,
,0.658,
,0.658,
-0.916,0.658,
-0.818,0.659,
-0.81,0.659,
-0.751,0.659,
-0.617,0.659,
-0.596,0.659,
-0.582,0.659,
-0.535,0.659,
-0.53,0.659,
0.046,0.659,
,0.659,
,0.659,
,0.659,
,0.66,
,0.66,
,0.66,
,0.66,
,0.66,
-0.594,0.66,
,0.66,
,0.66,
-0.408,0.66,
,0.66,
,0.66,
,0.661,
,0.661,
,0.661,
,0.661,
,0.661,
,0.661,
,0.661,
,0.661,
-0.895,0.661,
-0.516,0.661,
,0.661,
-0.847,0.661,
,0.661,
,0.661,
,0.662,
-0.838,0.662,
-0.814,0.662,
-0.812,0.662,
-0.582,0.662,
,0.662,
-0.851,0.662,
-0.694,0.662,
-0.576,0.662,
,0.662,
,0.662,
,0.662,
-0.835,0.662,
-0.753,0.663,
-0.581,0.663,
-0.522,0.663,
,0.663,
-0.624,0.663,
-0.596,0.663,
-0.568,0.663,
-0.418,0.663,
,0.664,
,0.664,
-0.523,0.664,
-0.483,0.664,
,0.664,
,0.664,
,0.664,
-0.803,0.664,
,0.665,
-0.372,0.665,
,0.665,
,0.665,
,0.665,
,0.665,
,0.665,
-0.583,0.665,
-0.581,0.666,
,0.666,
,0.666,
,0.666,
-0.546,0.666,
,0.666,
,0.666,
-0.572,0.666,
,0.666,
-0.835,0.666,
-0.789,0.667,
-0.767,0.667,
,0.667,
,0.667,
,0.667,
,0.667,
-0.476,0.667,
,0.667,
,0.667,
,0.667,
,0.668,
,0.668,
,0.668,
,0.668,
,0.668,
,0.668,
,0.668,
-0.605,0.668,
-0.43,0.668,
,0.668,
,0.669,
,0.669,
,0.669,
-0.894,0.669,
-0.844,0.669,
-0.447,0.669,
-0.33,0.669,
,0.669,
,0.669,
-0.568,0.669,
-0.416,0.669,
,0.669,
,0.669,
,0.67,
-0.501,0.67,
,0.67,
,0.67,
-0.882,0.67,
-0.839,0.67,
-0.791,0.67,
-0.542,0.67,
-0.527,0.67,
,0.67,
,0.67,
,0.67,
,0.67,
,0.67,
-0.885,0.67,
-0.861,0.67,
-0.791,0.671,
-0.695,0.671,
-0.638,0.671,
-0.568,0.671,
-0.497,0.671,
0.158,0.671,
,0.671,
-0.439,0.671,
,0.671,
,0.671,
,0.671,
,0.671,
-0.549,0.671,
-0.201,0.671,
,0.671,
,0.671,
,0.671,
,0.672,
,0.672,
,0.672,
,0.672,
,0.672,
,0.672,
,0.672,
,0.672,
,0.672,
-0.549,0.672,
,0.672,
,0.672,
,0.672,
,0.673,
,0.673,
,0.673,
,0.673,
,0.673,
,0.673,
-0.873,0.673,
-0.86,0.673,
-0.854,0.673,
-0.843,0.674,
-0.827,0.674,
-0.504,0.674,
,0.674,
,0.674,
,0.674,
-0.915,0.674,
-0.778,0.674,
-0.526,0.674,
-0.505,0.674,
,0.675,
-0.753,0.675,
,0.675,
-0.594,0.675,
-0.535,0.675,
-0.409,0.675,
-0.399,0.675,
-0.398,0.675,
,0.676,
,0.676,
,0.676,
,0.676,
,0.676,
,0.676,
,0.676,
,0.677,
,0.677,
-0.864,0.677,
,0.677,
,0.677,
-0.854,0.677,
,0.677,
-0.436,0.677,
,0.678,
-0.845,0.678,
-0.515,0.678,
,0.678,
,0.678,
-0.832,0.678,
-0.795,0.678,
-0.74,0.678,
-0.67,0.679,
-0.626,0.679,
-0.601,0.679,
-0.595,0.679,
-0.551,0.679,
-0.523,0.679,
-0.333,0.679,
,0.679,
-0.607,0.679,
-0.582,0.68,
-0.532,0.68,
-0.521,0.68,
-0.508,0.68,
-0.489,0.68,
-0.477,0.68,
-0.233,0.68,
,0.68,
,0.681,
,0.681,
,0.681,
,0.681,
,0.681,
,0.681,
,0.681,
,0.681,
,0.681,
-0.462,0.681,
-0.397,0.681,
,0.681,
,0.681,
,0.681,
,0.682,
,0.682,
,0.682,
,0.682,
-0.442,0.682,
,0.682,
,0.682,
,0.682,
-0.396,0.682,
,0.682,
-0.796,0.682,
-0.628,0.682,
,0.683,
,0.683,
,0.683,
,0.683,
,0.683,
-0.65,0.683,
,0.683,
,0.683,
-0.508,0.683,
,0.683,
,0.683,
,0.684,
-0.555,0.684,
,0.684,
,0.684,
,0.684,
,0.684,
,0.684,
,0.684,
,0.684,
-0.498,0.685,
,0.685,
,0.685,
-0.843,0.685,
,0.685,
-0.581,0.685,
-0.567,0.685,
,0.685,
,0.685,
,0.686,
,0.686,
-0.482,0.686,
,0.686,
-0.823,0.686,
,0.686,
,0.686,
,0.686,
,0.686,
-0.509,0.686,
-0.485,0.686,
,0.686,
,0.687,
-0.853,0.687,
-0.552,0.687,
-0.532,0.687,
-0.386,0.687,
0.324,0.687,
,0.687,
,0.687,
,0.687,
-0.749,0.687,
-0.56,0.687,
-0.532,0.687,
-0.483,0.688,
-0.04,0.688,
,0.688,
,0.688,
-0.462,0.688,
-0.439,0.688,
-0.026,0.688,
,0.688,
,0.689,
,0.689,
,0.689,
,0.689,
,0.689,
,0.689,
,0.689,
,0.69,
,0.69,
,0.69,
,0.69,
,0.69,
,0.69,
,0.69,
,0.69,
,0.69,
,0.69,
,0.69,
,0.69,
,0.691,
-0.551,0.691,
,0.691,
-0.566,0.691,
,0.691,
,0.691,
,0.691,
-0.854,0.691,
,0.692,
,0.692,
,0.692,
,0.692,
,0.692,
,0.692,
-0.801,0.692,
-0.784,0.693,
-0.62,0.693,
-0.53,0.693,
-0.529,0.693,
-0.52,0.693,
,0.693,
,0.693,
,0.693,
,0.693,
-0.764,0.694,
-0.75,0.694,
-0.732,0.694,
-0.574,0.694,
-0.516,0.694,
,0.694,
-0.366,0.694,
,0.694,
,0.694,
,0.694,
,0.694,
,0.694,
-0.39,0.695,
,0.695,
,0.695,
,0.695,
,0.695,
,0.695,
-0.565,0.695,
,0.696,
-0.871,0.696,
,0.696,
-0.89,0.696,
-0.842,0.696,
-0.826,0.696,
-0.78,0.696,
-0.672,0.696,
-0.499,0.697,
-0.441,0.697,
,0.697,
,0.697,
,0.697,
,0.697,
-0.595,0.697,
-0.552,0.697,
-0.449,0.698,
,0.698,
,0.698,
,0.699,
,0.699,
,0.699,
,0.699,
,0.699,
,0.699,
,0.7,
-0.854,0.7,
-0.773,0.7,
-0.696,0.7,
,0.7,
,0.7,
,0.7,
,0.7,
,0.7,
,0.701,
,0.701,
-0.572,0.701,
-0.437,0.701,
,0.701,
,0.701,
,0.701,
,0.702,
-0.412,0.702,
,0.702,
,0.702,
,0.702,
-0.899,0.702,
-0.847,0.702,
,0.702,
-0.828,0.702,
-0.817,0.702,
-0.81,0.702,
-0.806,0.702,
-0.762,0.702,
-0.76,0.702,
-0.636,0.702,
-0.62,0.702,
-0.607,0.703,
-0.573,0.703,
-0.572,0.703,
0.054,0.703,
,0.703,
,0.704,
,0.704,
,0.704,
,0.704,
,0.704,
-0.502,0.704,
,0.704,
,0.704,
,0.705,
,0.705,
,0.705,
,0.705,
,0.705,
,0.705,
,0.705,
,0.706,
-0.857,0.706,
-0.832,0.706,
-0.47,0.706,
-0.459,0.706,
,0.706,
,0.706,
0.063,0.706,
,0.707,
,0.707,
,0.707,
,0.707,
-0.791,0.707,
,0.707,
,0.707,
,0.708,
-0.746,0.708,
-0.573,0.708,
,0.708,
,0.708,
,0.708,
,0.708,
-0.914,0.708,
-0.892,0.709,
-0.879,0.709,
-0.811,0.709,
-0.736,0.709,
-0.615,0.709,
-0.499,0.709,
-0.382,0.709,
,0.709,
,0.709,
,0.709,
0.45,0.709,
,0.709,
,0.709,
,0.71,
,0.71,
,0.71,
,0.71,
,0.71,
,0.711,
,0.711,
,0.711,
,0.711,
,0.711,
,0.711,
,0.711,
,0.711,
,0.711,
,0.711,
,0.711,
-0.873,0.711,
-0.229,0.711,
,0.711,
,0.712,
,0.712,
-0.867,0.712,
-0.833,0.712,
-0.809,0.712,
-0.554,0.712,
,0.713,
,0.713,
-0.741,0.713,
-0.602,0.714,
,0.714,
-0.601,0.714,
,0.714,
,0.714,
-0.584,0.714,
-0.48,0.714,
,0.714,
,0.714,
-0.489,0.714,
,0.715,
,0.715,
,0.715,
,0.715,
-0.88,0.715,
,0.715,
-0.852,0.715,
-0.829,0.715,
-0.448,0.716,
,0.716,
,0.716,
,0.716,
,0.716,
-0.08,0.716,
,0.716,
,0.717,
-0.504,0.717,
,0.717,
,0.717,
-0.416,0.717,
,0.717,
,0.717,
,0.717,
,0.718,
,0.718,
,0.718,
-0.89,0.718,
-0.455,0.718,
,0.718,
,0.718,
-0.841,0.718,
,0.718,
-0.877,0.719,
-0.872,0.719,
-0.815,0.719,
-0.807,0.719,
-0.799,0.719,
-0.794,0.72,
-0.756,0.72,
-0.712,0.72,
-0.591,0.72,
-0.582,0.72,
-0.531,0.72,
-0.52,0.72,
-0.466,0.72,
-0.104,0.72,
,0.721,
,0.721,
,0.721,
,0.721,
-0.743,0.721,
-0.691,0.721,
,0.721,
,0.722,
,0.722,
,0.722,
,0.722,
,0.722,
,0.723,
,0.723,
,0.723,
,0.723,
-0.409,0.723,
,0.723,
,0.723,
,0.723,
,0.723,
,0.723,
-0.891,0.724,
-0.486,0.724,
,0.724,
,0.724,
,0.724,
-0.884,0.724,
,0.724,
,0.724,
,0.724,
,0.725,
,0.725,
-0.847,0.725,
-0.777,0.725,
-0.748,0.725,
-0.456,0.725,
,0.725,
,0.725,
-0.681,0.725,
,0.725,
,0.726,
,0.726,
-0.492,0.727,
-0.243,0.727,
,0.727,
,0.727,
,0.727,
,0.727,
,0.727,
-0.816,0.727,
-0.517,0.727,
-0.453,0.727,
-0.45,0.727,
,0.728,
,0.728,
,0.728,
,0.728,
,0.728,
,0.728,
-0.847,0.728,
,0.728,
,0.728,
,0.728,
-0.798,0.729,
,0.729,
,0.729,
-0.593,0.729,
,0.729,
-0.848,0.729,
-0.778,0.73,
-0.645,0.73,
,0.73,
,0.73,
-0.827,0.73,
-0.743,0.73,
,0.731,
-0.783,0.731,
,0.731,
,0.731,
-0.819,0.731,
-0.818,0.731,
-0.817,0.731,
-0.741,0.731,
-0.648,0.731,
-0.553,0.731,
,0.731,
-0.836,0.731,
-0.557,0.731,
-0.511,0.731,
-0.485,0.731,
-0.467,0.732,
-0.441,0.732,
,0.732,
-0.422,0.732,
,0.732,
,0.732,
,0.732,
-0.36,0.732,
,0.732,
,0.732,
,0.732,
,0.732,
,0.732,
,0.732,
-0.545,0.733,
-0.523,0.733,
-0.484,0.733,
-0.371,0.733,
0.181,0.733,
0.284,0.733,
,0.733,
,0.734,
,0.734,
,0.734,
,0.734,
,0.734,
,0.734,
,0.734,
-0.903,0.734,
-0.881,0.735,
-0.847,0.735,
-0.81,0.735,
-0.808,0.735,
-0.587,0.735,
-0.569,0.735,
-0.488,0.735,
-0.469,0.735,
-0.445,0.735,
,0.735,
,0.735,
-0.64,0.735,
-0.316,0.736,
,0.736,
,0.736,
-0.487,0.736,
-0.477,0.736,
,0.736,
,0.736,
,0.736,
,0.736,
,0.736,
,0.737,
,0.737,
,0.737,
,0.737,
,0.737,
,0.737,
,0.737,
-0.882,0.737,
-0.854,0.737,
-0.848,0.737,
-0.82,0.737,
-0.786,0.737,
-0.569,0.737,
-0.522,0.738,
-0.517,0.738,
-0.506,0.738,
-0.497,0.738,
-0.491,0.738,
-0.473,0.738,
-0.403,0.738,
,0.738,
-0.252,0.738,
,0.739,
,0.739,
,0.739,
-0.107,0.739,
,0.739,
,0.739,
,0.739,
,0.739,
,0.739,
,0.739,
,0.739,
-0.819,0.739,
-0.483,0.739,
,0.739,
,0.74,
,0.74,
-0.874,0.74,
,0.74,
-0.621,0.74,
,0.74,
,0.74,
,0.74,
,0.74,
-0.84,0.74,
-0.806,0.74,
-0.796,0.74,
,0.741,
,0.741,
-0.44,0.741,
,0.741,
-0.841,0.741,
-0.601,0.741,
-0.488,0.741,
,0.742,
,0.742,
,0.742,
,0.742,
,0.742,
,0.742,
-0.901,0.742,
-0.811,0.742,
-0.786,0.743,
-0.779,0.743,
-0.749,0.743,
-0.588,0.743,
-0.542,0.743,
-0.498,0.743,
,0.743,
-0.511,0.743,
-0.404,0.743,
-0.028,0.743,
,0.743,
,0.744,
,0.744,
,0.744,
,0.744,
,0.744,
-0.563,0.744,
,0.744,
,0.744,
,0.745,
,0.745,
,0.745,
,0.745,
,0.745,
,0.745,
,0.745,
,0.746,
-0.903,0.746,
,0.746,
,0.746,
,0.746,
-0.854,0.746,
-0.43,0.746,
,0.746,
-0.896,0.746,
-0.872,0.746,
0.305,0.746,
,0.746,
-0.829,0.746,
-0.808,0.746,
-0.753,0.747,
-0.462,0.747,
,0.747,
,0.747,
,0.747,
,0.747,
,0.747,
,0.748,
,0.748,
,0.748,
,0.748,
-0.888,0.748,
-0.502,0.748,
,0.748,
,0.748,
,0.748,
-0.816,0.748,
-0.807,0.748,
-0.544,0.749,
,0.749,
,0.749,
,0.749,
-0.703,0.749,
-0.521,0.749,
-0.48,0.749,
-0.421,0.749,
-0.407,0.749,
,0.749,
,0.749,
,0.749,
,0.749,
,0.75,
,0.75,
-0.461,0.75,
,0.75,
-0.804,0.75,
,0.75,
-0.901,0.75,
-0.819,0.75,
-0.768,0.75,
,0.751,
,0.751,
,0.751,
-0.726,0.751,
-0.676,0.751,
-0.603,0.751,
-0.589,0.751,
-0.581,0.751,
-0.58,0.751,
-0.574,0.751,
0.339,0.752,
,0.752,
,0.752,
,0.752,
,0.752,
,0.752,
,0.752,
,0.752,
,0.753,
,0.753,
,0.753,
,0.753,
,0.753,
,0.753,
,0.753,
-0.884,0.754,
-0.492,0.754,
,0.754,
,0.754,
,0.754,
,0.754,
,0.754,
-0.891,0.754,
-0.87,0.755,
-0.838,0.755,
-0.529,0.755,
,0.755,
,0.755,
,0.755,
,0.755,
,0.756,
,0.756,
,0.756,
,0.756,
-0.449,0.756,
,0.756,
,0.756,
,0.756,
,0.757,
,0.757,
-0.853,0.757,
-0.804,0.757,
-0.588,0.757,
,0.757,
,0.758,
,0.758,
-0.762,0.758,
-0.616,0.758,
-0.481,0.758,
-0.456,0.758,
,0.758,
-0.414,0.759,
,0.759,
,0.759,
,0.759,
,0.759,
,0.759,
,0.759,
,0.759,
,0.759,
,0.759,
,0.759,
-0.556,0.76,
-0.525,0.76,
,0.76,
,0.76,
-0.444,0.76,
,0.76,
,0.76,
-0.567,0.76,
,0.76,
,0.76,
-0.858,0.76,
-0.844,0.76,
,0.76,
,0.761,
-0.777,0.761,
-0.745,0.761,
-0.603,0.761,
-0.56,0.761,
-0.477,0.761,
,0.761,
,0.761,
-0.891,0.761,
-0.493,0.761,
,0.761,
,0.761,
,0.761,
,0.761,
,0.762,
-0.853,0.762,
0.17,0.762,
,0.762,
,0.762,
,0.762,
,0.762,
,0.762,
,0.763,
,0.763,
,0.763,
,0.763,
,0.763,
,0.763,
,0.763,
,0.763,
,0.763,
,0.763,
-0.786,0.763,
,0.763,
,0.763,
-0.799,0.763,
,0.763,
,0.763,
-0.826,0.763,
-0.517,0.763,
-0.497,0.764,
-0.488,0.764,
,0.764,
,0.764,
-0.473,0.764,
,0.764,
,0.764,
-0.851,0.765,
-0.469,0.765,
-0.445,0.765,
0.107,0.765,
,0.765,
,0.765,
,0.765,
,0.765,
,0.765,
,0.765,
-0.885,0.765,
-0.571,0.765,
-0.21,0.766,
,0.766,
,0.766,
,0.766,
,0.766,
,0.766,
,0.766,
,0.766,
,0.766,
,0.766,
,0.766,
,0.766,
,0.766,
-0.773,0.766,
,0.767,
,0.767,
,0.767,
-0.796,0.767,
-0.757,0.767,
-0.532,0.767,
,0.768,
-0.862,0.768,
-0.828,0.768,
-0.827,0.768,
-0.803,0.768,
-0.767,0.768,
-0.725,0.768,
-0.629,0.768,
-0.609,0.768,
-0.515,0.768,
-0.512,0.769,
-0.472,0.769,
,0.769,
,0.769,
,0.769,
,0.769,
,0.769,
,0.769,
,0.769,
,0.77,
,0.77,
,0.77,
,0.77,
,0.77,
,0.77,
,0.77,
,0.77,
,0.77,
,0.77,
,0.77,
,0.77,
-0.919,0.77,
-0.895,0.77,
-0.816,0.771,
-0.737,0.771,
-0.509,0.771,
-0.094,0.771,
,0.771,
,0.771,
,0.771,
,0.771,
,0.772,
-0.578,0.772,
,0.772,
,0.772,
,0.772,
,0.772,
-0.801,0.772,
-0.706,0.772,
,0.773,
,0.773,
,0.773,
,0.773,
,0.773,
-0.878,0.773,
-0.797,0.773,
-0.704,0.773,
,0.773,
,0.773,
,0.773,
,0.774,
,0.774,
,0.774,
-0.587,0.774,
,0.774,
,0.774,
-0.856,0.774,
-0.797,0.774,
-0.584,0.774,
-0.534,0.774,
-0.506,0.775,
,0.775,
,0.775,
,0.775,
,0.775,
,0.775,
,0.775,
,0.775,
,0.775,
,0.775,
,0.775,
,0.775,
,0.775,
,0.775,
-0.811,0.775,
,0.775,
,0.775,
,0.775,
-0.874,0.775,
-0.859,0.776,
-0.836,0.776,
-0.808,0.776,
-0.803,0.776,
-0.574,0.776,
-0.569,0.776,
-0.556,0.776,
-0.548,0.776,
-0.539,0.776,
-0.538,0.776,
-0.49,0.776,
,0.776,
,0.776,
-0.549,0.777,
,0.777,
,0.777,
,0.777,
-0.876,0.777,
-0.352,0.777,
,0.777,
,0.777,
,0.777,
,0.777,
,0.777,
0.021,0.777,
,0.777,
-0.829,0.777,
,0.777,
,0.777,
,0.777,
,0.777,
-0.819,0.778,
-0.802,0.778,
-0.522,0.778,
,0.778,
,0.778,
,0.778,
,0.778,
,0.778,
,0.778,
,0.778,
,0.778,
-0.526,0.778,
,0.779,
-0.839,0.779,
,0.779,
-0.862,0.779,
,0.779,
-0.829,0.779,
,0.779,
,0.779,
,0.779,
-0.834,0.779,
,0.779,
,0.779,
-0.372,0.779,
,0.779,
-0.87,0.779,
,0.78,
-0.287,0.78,
,0.78,
-0.853,0.78,
,0.78,
-0.382,0.78,
,0.78,
,0.78,
-0.591,0.78,
,0.78,
,0.78,
,0.78,
-0.881,0.78,
-0.586,0.78,
,0.78,
-0.863,0.78,
,0.78,
,0.78,
,0.781,
0.846,0.781,
,0.781,
,0.781,
,0.781,
,0.781,
,0.781,
-0.766,0.781,
,0.781,
,0.781,
-0.74,0.781,
,0.781,
-0.503,0.781,
,0.781,
-0.738,0.781,
-0.627,0.781,
,0.781,
,0.781,
,0.781,
-0.851,0.782,
,0.782,
,0.782,
,0.782,
,0.782,
,0.783,
-0.465,0.783,
,0.783,
,0.783,
,0.783,
,0.783,
,0.783,
-0.339,0.783,
,0.783,
,0.783,
,0.783,
,0.783,
-0.512,0.783,
,0.783,
-0.547,0.784,
,0.784,
-0.635,0.784,
,0.784,
-0.49,0.784,
,0.784,
-0.808,0.784,
-0.793,0.784,
,0.784,
,0.784,
,0.784,
0.267,0.784,
,0.784,
-0.799,0.784,
,0.784,
-0.964,0.784,
-0.878,0.784,
-0.864,0.784,
,0.785,
,0.785,
,0.785,
,0.785,
,0.785,
,0.785,
,0.785,
,0.785,
,0.785,
,0.785,
,0.785,
-0.536,0.785,
,0.785,
,0.785,
,0.786,
,0.786,
,0.786,
-0.842,0.786,
,0.786,
,0.786,
,0.786,
-0.757,0.786,
-0.65,0.786,
-0.509,0.786,
-0.428,0.786,
,0.786,
,0.786,
,0.786,
,0.786,
-0.905,0.786,
-0.852,0.786,
-0.847,0.786,
-0.82,0.786,
-0.813,0.786,
-0.798,0.786,
-0.797,0.787,
-0.791,0.787,
-0.763,0.787,
-0.732,0.787,
-0.632,0.787,
-0.594,0.787,
-0.501,0.787,
,0.787,
,0.787,
,0.787,
,0.787,
,0.787,
,0.787,
-0.915,0.788,
,0.788,
-0.527,0.788,
-0.495,0.788,
,0.788,
,0.788,
,0.788,
-0.835,0.788,
-0.789,0.788,
-0.763,0.788,
-0.55,0.788,
-0.545,0.788,
-0.522,0.788,
-0.265,0.788,
-0.172,0.788,
0.332,0.788,
,0.788,
,0.788,
,0.789,
-0.08,0.789,
0.39,0.789,
,0.789,
,0.789,
,0.789,
-0.748,0.789,
,0.789,
,0.789,
-0.683,0.79,
,0.79,
-0.815,0.79,
,0.79,
,0.79,
,0.79,
,0.79,
-0.852,0.79,
-0.304,0.79,
,0.79,
,0.79,
-0.831,0.79,
,0.79,
,0.79,
,0.79,
,0.79,
,0.79,
-0.873,0.79,
,0.79,
,0.79,
,0.79,
,0.79,
-0.864,0.79,
,0.791,
,0.791,
,0.791,
-0.681,0.791,
-0.459,0.791,
,0.791,
,0.791,
,0.791,
,0.791,
,0.791,
-0.868,0.791,
,0.791,
,0.792,
,0.792,
,0.792,
-0.775,0.792,
,0.792,
-0.495,0.792,
,0.792,
-0.866,0.792,
,0.792,
-0.374,0.792,
,0.792,
-0.787,0.792,
,0.792,
,0.792,
-0.54,0.792,
,0.792,
-0.69,0.792,
-0.676,0.793,
,0.793,
-0.462,0.793,
,0.793,
,0.793,
,0.793,
,0.793,
,0.793,
-0.896,0.793,
-0.891,0.793,
-0.865,0.793,
-0.696,0.793,
,0.793,
-0.85,0.794,
-0.747,0.794,
-0.701,0.794,
-0.584,0.794,
-0.575,0.794,
-0.266,0.794,
,0.794,
,0.794,
,0.794,
,0.794,
,0.794,
-0.878,0.794,
-0.666,0.794,
-0.657,0.794,
-0.534,0.794,
-0.486,0.794,
,0.794,
,0.794,
,0.794,
-0.833,0.794,
,0.794,
,0.794,
-0.34,0.795,
,0.795,
,0.795,
,0.795,
,0.795,
,0.795,
-0.816,0.795,
-0.54,0.795,
,0.795,
,0.795,
,0.795,
-0.878,0.795,
,0.795,
-0.906,0.795,
-0.572,0.795,
,0.795,
-0.832,0.795,
-0.742,0.795,
,0.795,
,0.796,
,0.796,
,0.796,
,0.796,
-0.882,0.796,
,0.796,
,0.796,
-0.864,0.796,
,0.796,
,0.796,
,0.796,
,0.796,
,0.796,
-0.905,0.796,
-0.9,0.796,
-0.848,0.796,
-0.751,0.797,
-0.613,0.797,
-0.523,0.797,
-0.479,0.797,
,0.797,
,0.797,
,0.797,
,0.797,
-0.765,0.797,
-0.735,0.797,
-0.594,0.797,
0.357,0.797,
,0.797,
,0.797,
-0.824,0.797,
,0.797,
,0.797,
,0.798,
,0.798,
,0.798,
,0.798,
,0.798,
,0.798,
,0.798,
,0.798,
-0.495,0.798,
,0.798,
0.114,0.798,
,0.798,
-0.895,0.798,
-0.578,0.798,
,0.798,
,0.798,
,0.798,
,0.798,
-0.496,0.798,
,0.799,
,0.799,
-0.871,0.799,
,0.799,
-0.858,0.799,
,0.799,
-0.827,0.799,
,0.799,
,0.799,
,0.799,
,0.799,
-0.914,0.799,
,0.799,
-0.794,0.8,
-0.539,0.8,
-0.457,0.8,
,0.8,
-0.392,0.8,
,0.8,
,0.8,
,0.8,
,0.8,
0.227,0.8,
,0.8,
-0.856,0.8,
-0.823,0.8,
-0.6,0.8,
,0.8,
-0.493,0.8,
,0.8,
,0.801,
-0.817,0.801,
,0.801,
,0.801,
,0.801,
,0.801,
-0.516,0.801,
,0.801,
,0.801,
,0.801,
,0.801,
,0.801,
-0.621,0.801,
,0.801,
,0.801,
,0.802,
-0.505,0.802,
,0.802,
,0.802,
,0.802,
-0.451,0.802,
,0.802,
,0.802,
,0.802,
,0.802,
-0.843,0.802,
,0.802,
-0.442,0.802,
,0.802,
,0.802,
-0.907,0.802,
,0.802,
,0.802,
-0.846,0.802,
,0.802,
,0.802,
,0.802,
-0.79,0.802,
,0.802,
-0.587,0.803,
-0.301,0.803,
,0.803,
,0.803,
,0.803,
-0.853,0.803,
,0.803,
,0.803,
-0.762,0.803,
,0.803,
-0.66,0.803,
,0.803,
,0.803,
-0.777,0.803,
-0.597,0.803,
,0.803,
,0.803,
,0.804,
-0.757,0.804,
,0.804,
,0.804,
-0.494,0.804,
,0.804,
-0.777,0.804,
,0.804,
,0.804,
,0.804,
-0.847,0.804,
-0.834,0.804,
-0.811,0.804,
-0.522,0.804,
-0.515,0.804,
,0.805,
-0.615,0.805,
,0.805,
,0.805,
-0.361,0.805,
,0.805,
,0.805,
,0.805,
,0.805,
,0.805,
,0.805,
,0.805,
-0.877,0.805,
,0.805,
-0.552,0.805,
,0.805,
,0.805,
-0.905,0.805,
-0.597,0.805,
0.273,0.805,
,0.805,
,0.805,
,0.805,
,0.805,
,0.805,
,0.805,
,0.805,
,0.805,
,0.806,
-0.879,0.806,
-0.871,0.806,
-0.496,0.806,
-0.466,0.806,
-0.456,0.806,
,0.806,
,0.806,
,0.806,
,0.807,
,0.807,
,0.807,
,0.807,
-0.859,0.807,
,0.807,
,0.807,
,0.807,
-0.567,0.807,
-0.526,0.807,
-0.223,0.807,
,0.807,
,0.807,
-0.494,0.807,
,0.807,
,0.807,
,0.807,
-0.427,0.807,
,0.808,
,0.808,
,0.808,
-0.755,0.808,
,0.808,
,0.808,
,0.808,
,0.808,
,0.808,
-0.859,0.808,
,0.808,
-0.913,0.808,
-0.855,0.808,
-0.794,0.808,
-0.792,0.809,
-0.775,0.809,
-0.682,0.809,
-0.68,0.809,
-0.596,0.809,
-0.577,0.809,
-0.549,0.809,
-0.54,0.809,
,0.809,
-0.52,0.809,
-0.515,0.809,
-0.507,0.809,
-0.417,0.809,
-0.386,0.809,
,0.809,
,0.81,
-0.481,0.81,
,0.81,
,0.81,
,0.81,
,0.81,
,0.81,
,0.81,
,0.81,
,0.81,
,0.81,
,0.81,
-0.393,0.81,
,0.81,
-0.842,0.81,
-0.586,0.81,
,0.811,
,0.811,
,0.811,
-0.939,0.811,
-0.888,0.811,
-0.851,0.811,
-0.83,0.811,
-0.815,0.811,
-0.797,0.811,
-0.78,0.811,
-0.763,0.811,
-0.708,0.811,
-0.617,0.811,
-0.565,0.811,
-0.542,0.811,
-0.533,0.811,
-0.526,0.811,
-0.448,0.812,
,0.812,
,0.812,
-0.525,0.812,
-0.51,0.812,
-0.495,0.812,
-0.486,0.812,
-0.484,0.812,
-0.458,0.812,
-0.339,0.812,
0.326,0.812,
,0.812,
,0.812,
,0.812,
,0.812,
,0.812,
,0.812,
,0.812,
,0.812,
,0.812,
,0.812,
,0.812,
-0.874,0.812,
-0.615,0.812,
,0.812,
-0.813,0.812,
,0.812,
,0.812,
,0.813,
-0.844,0.813,
-0.834,0.813,
-0.814,0.813,
-0.771,0.813,
-0.599,0.813,
-0.547,0.813,
-0.425,0.813,
,0.813,
,0.813,
,0.813,
,0.813,
,0.813,
,0.813,
-0.573,0.813,
-0.512,0.813,
-0.487,0.813,
,0.813,
,0.813,
,0.813,
,0.813,
-0.335,0.814,
,0.814,
,0.814,
,0.814,
-0.827,0.814,
,0.814,
,0.814,
,0.814,
,0.814,
,0.814,
,0.814,
,0.814,
,0.814,
,0.814,
,0.814,
,0.814,
,0.814,
,0.814,
-0.158,0.814,
,0.814,
,0.814,
,0.814,
,0.815,
-0.682,0.815,
,0.815,
-0.801,0.815,
,0.815,
,0.815,
,0.815,
,0.815,
,0.815,
,0.815,
-0.872,0.815,
-0.835,0.815,
-0.819,0.815,
-0.817,0.815,
-0.807,0.815,
-0.624,0.815,
-0.562,0.816,
-0.525,0.816,
-0.484,0.816,
-0.482,0.816,
-0.338,0.816,
0.18,0.816,
,0.816,
,0.816,
-0.467,0.816,
,0.816,
,0.816,
,0.816,
,0.816,
,0.816,
-0.741,0.816,
-0.726,0.817,
,0.817,
,0.817,
,0.817,
,0.817,
-0.489,0.817,
-0.471,0.817,
,0.817,
,0.817,
,0.817,
-0.379,0.817,
,0.817,
,0.817,
-0.812,0.817,
-0.807,0.817,
-0.728,0.817,
-0.537,0.817,
-0.528,0.817,
-0.492,0.817,
-0.405,0.817,
-0.398,0.817,
-0.26,0.817,
,0.817,
,0.817,
,0.817,
,0.818,
,0.818,
,0.818,
,0.818,
,0.818,
,0.818,
,0.818,
,0.818,
,0.818,
,0.818,
,0.818,
,0.818,
,0.818,
-0.761,0.818,
-0.75,0.818,
,0.818,
,0.818,
,0.818,
-0.864,0.818,
-0.598,0.818,
,0.818,
,0.818,
,0.818,
,0.818,
,0.819,
-0.558,0.819,
,0.819,
,0.819,
,0.819,
-0.502,0.819,
,0.819,
,0.819,
-0.468,0.819,
,0.819,
,0.819,
,0.82,
-0.841,0.82,
,0.82,
-0.807,0.82,
,0.82,
-0.745,0.82,
,0.82,
,0.82,
,0.82,
-0.834,0.82,
-0.578,0.82,
,0.82,
,0.82,
,0.82,
,0.82,
,0.82,
,0.82,
,0.82,
,0.82,
,0.82,
-0.832,0.82,
,0.82,
,0.82,
,0.82,
,0.82,
-0.916,0.82,
-0.776,0.82,
-0.563,0.82,
,0.82,
-0.562,0.82,
,0.821,
0.203,0.821,
,0.821,
,0.821,
0.277,0.821,
,0.821,
,0.821,
,0.821,
,0.821,
,0.821,
-0.817,0.821,
,0.821,
,0.821,
-0.868,0.821,
-0.84,0.821,
-0.672,0.821,
-0.495,0.821,
,0.822,
,0.822,
,0.822,
-0.888,0.822,
-0.817,0.822,
-0.805,0.822,
-0.801,0.822,
-0.596,0.822,
-0.571,0.822,
-0.452,0.822,
,0.822,
,0.823,
,0.823,
-0.731,0.823,
0.121,0.823,
,0.823,
,0.823,
-0.853,0.823,
-0.438,0.823,
,0.823,
,0.823,
,0.823,
,0.823,
,0.823,
-0.733,0.823,
,0.823,
,0.823,
-0.547,0.823,
,0.823,
-0.837,0.823,
-0.604,0.823,
,0.823,
,0.823,
,0.824,
,0.824,
,0.824,
,0.824,
-0.84,0.824,
-0.823,0.824,
-0.713,0.824,
-0.6,0.824,
-0.564,0.824,
,0.824,
,0.824,
-0.528,0.824,
,0.825,
,0.825,
,0.825,
,0.825,
-0.532,0.825,
0.262,0.825,
,0.825,
,0.825,
,0.825,
,0.825,
,0.825,
,0.825,
,0.825,
-0.901,0.825,
,0.825,
,0.825,
,0.826,
,0.826,
,0.826,
,0.826,
-0.683,0.826,
-0.547,0.826,
,0.826,
,0.826,
,0.826,
-0.48,0.826,
,0.826,
-0.485,0.826,
,0.826,
,0.826,
,0.826,
,0.826,
,0.826,
,0.826,
-0.489,0.826,
,0.826,
-0.848,0.826,
,0.826,
-0.424,0.826,
,0.826,
,0.826,
,0.827,
,0.827,
,0.827,
,0.827,
-0.879,0.827,
,0.827,
-0.852,0.827,
,0.827,
,0.827,
,0.827,
-0.86,0.827,
-0.852,0.827,
-0.794,0.827,
-0.52,0.827,
-0.515,0.827,
-0.502,0.827,
-0.482,0.827,
-0.471,0.827,
-0.443,0.827,
-0.388,0.828,
-0.372,0.828,
0.234,0.828,
,0.828,
,0.828,
-0.166,0.828,
,0.828,
,0.828,
,0.828,
,0.828,
,0.828,
-0.565,0.828,
,0.828,
,0.828,
-0.816,0.828,
,0.828,
,0.828,
,0.828,
,0.828,
,0.829,
-0.882,0.829,
-0.564,0.829,
,0.829,
,0.829,
-0.896,0.829,
-0.867,0.829,
-0.861,0.829,
-0.558,0.829,
-0.518,0.829,
-0.506,0.83,
-0.504,0.83,
-0.501,0.83,
-0.469,0.83,
-0.467,0.83,
,0.83,
,0.83,
,0.83,
,0.83,
,0.83,
,0.83,
,0.83,
-0.524,0.83,
,0.83,
,0.831,
,0.831,
-0.494,0.831,
,0.831,
,0.831,
,0.831,
,0.831,
,0.831,
-0.433,0.831,
,0.831,
,0.831,
-0.472,0.831,
,0.831,
,0.831,
-0.722,0.831,
-0.667,0.831,
-0.509,0.831,
-0.498,0.831,
,0.831,
-0.872,0.832,
,0.832,
,0.832,
-0.894,0.832,
,0.832,
,0.832,
-0.805,0.832,
,0.832,
,0.832,
,0.832,
,0.832,
-0.879,0.832,
-0.638,0.832,
-0.552,0.832,
-0.52,0.832,
-0.464,0.832,
-0.448,0.832,
-0.43,0.832,
,0.832,
,0.832,
,0.832,
-0.464,0.832,
,0.832,
,0.832,
,0.832,
,0.833,
,0.833,
-0.782,0.833,
-0.584,0.833,
,0.833,
,0.833,
,0.833,
,0.833,
-0.552,0.833,
-0.514,0.833,
,0.833,
-0.843,0.833,
-0.827,0.833,
-0.821,0.833,
-0.542,0.833,
-0.359,0.833,
,0.833,
,0.833,
-0.532,0.833,
,0.833,
-0.907,0.833,
,0.833,
-0.883,0.833,
-0.841,0.833,
-0.692,0.834,
,0.834,
,0.834,
,0.834,
,0.834,
,0.834,
,0.834,
-0.822,0.834,
-0.476,0.834,
,0.834,
,0.834,
,0.834,
,0.834,
,0.834,
,0.834,
,0.834,
,0.834,
-0.789,0.834,
-0.737,0.834,
-0.349,0.834,
,0.834,
,0.835,
-0.71,0.835,
-0.522,0.835,
,0.835,
,0.835,
-0.481,0.835,
,0.835,
,0.835,
,0.835,
-0.511,0.835,
,0.835,
,0.835,
-0.881,0.835,
-0.831,0.835,
-0.807,0.835,
-0.787,0.835,
-0.777,0.835,
-0.656,0.835,
-0.581,0.836,
-0.57,0.836,
-0.563,0.836,
-0.55,0.836,
-0.528,0.836,
-0.518,0.836,
-0.505,0.836,
-0.496,0.836,
-0.46,0.836,
,0.836,
,0.836,
,0.836,
,0.836,
,0.836,
,0.836,
,0.836,
-0.496,0.837,
-0.483,0.837,
,0.837,
,0.837,
,0.837,
,0.837,
,0.837,
,0.837,
,0.837,
,0.837,
,0.837,
,0.837,
-0.734,0.837,
-0.543,0.837,
,0.837,
-0.583,0.837,
-0.301,0.837,
,0.837,
,0.837,
,0.837,
,0.837,
,0.838,
,0.838,
-0.504,0.838,
,0.838,
-0.787,0.838,
-0.737,0.838,
-0.487,0.838,
-0.445,0.838,
,0.838,
-0.796,0.838,
,0.838,
-0.913,0.838,
-0.897,0.838,
-0.757,0.838,
-0.675,0.838,
,0.838,
,0.838,
-0.407,0.838,
,0.838,
,0.838,
,0.838,
,0.838,
-0.728,0.838,
-0.512,0.838,
,0.839,
-0.615,0.839,
-0.484,0.839,
0.285,0.839,
,0.839,
,0.839,
,0.839,
-0.522,0.839,
0.309,0.839,
,0.839,
,0.839,
-0.404,0.839,
,0.839,
,0.839,
,0.839,
,0.839,
-0.861,0.839,
-0.843,0.84,
-0.788,0.84,
,0.84,
-0.415,0.84,
,0.84,
-0.888,0.84,
-0.836,0.84,
-0.634,0.84,
,0.84,
-0.82,0.84,
-0.779,0.84,
-0.742,0.84,
-0.367,0.84,
0.017,0.841,
,0.841,
,0.841,
,0.841,
,0.841,
,0.841,
,0.841,
-0.372,0.841,
,0.841,
,0.841,
,0.841,
,0.841,
,0.841,
,0.841,
,0.841,
,0.841,
,0.842,
,0.842,
,0.842,
,0.842,
-0.636,0.842,
,0.842,
,0.842,
,0.842,
,0.842,
,0.842,
,0.842,
,0.842,
-0.791,0.842,
,0.842,
,0.842,
-0.868,0.843,
-0.8,0.843,
-0.792,0.843,
-0.785,0.843,
-0.638,0.843,
-0.58,0.843,
-0.566,0.843,
-0.551,0.843,
,0.843,
,0.843,
,0.843,
,0.844,
,0.844,
-0.561,0.844,
-0.517,0.844,
-0.355,0.844,
0.276,0.844,
,0.845,
,0.845,
,0.845,
-0.553,0.845,
-0.516,0.845,
-0.509,0.845,
-0.472,0.845,
,0.845,
,0.845,
,0.845,
,0.845,
-0.491,0.845,
-0.456,0.845,
,0.845,
,0.846,
,0.846,
,0.846,
,0.846,
,0.846,
,0.846,
,0.846,
,0.846,
,0.846,
,0.846,
,0.846,
,0.846,
-0.874,0.846,
,0.846,
,0.846,
-0.856,0.846,
-0.804,0.847,
-0.8,0.847,
-0.798,0.847,
-0.568,0.847,
,0.847,
-0.872,0.847,
-0.853,0.847,
-0.82,0.847,
-0.731,0.847,
-0.523,0.847,
,0.847,
,0.847,
,0.847,
,0.847,
-0.517,0.847,
-0.358,0.847,
,0.847,
,0.848,
,0.848,
,0.848,
-0.544,0.848,
-0.492,0.848,
0.373,0.848,
,0.848,
-0.434,0.848,
,0.848,
,0.848,
,0.848,
,0.848,
,0.848,
-0.275,0.848,
,0.849,
,0.849,
,0.849,
,0.849,
,0.849,
,0.849,
,0.849,
,0.849,
,0.849,
,0.849,
-0.865,0.849,
,0.849,
-0.817,0.849,
,0.849,
,0.849,
-0.869,0.849,
-0.5,0.85,
-0.466,0.85,
,0.85,
,0.85,
-0.477,0.85,
,0.85,
,0.85,
,0.85,
,0.85,
-0.879,0.85,
,0.85,
,0.85,
-0.474,0.85,
,0.85,
,0.85,
-0.857,0.85,
-0.591,0.85,
,0.85,
,0.85,
,0.85,
0.02,0.851,
,0.851,
,0.851,
,0.851,
,0.851,
,0.851,
-0.559,0.851,
,0.851,
-0.472,0.851,
-0.364,0.851,
,0.851,
,0.851,
,0.851,
-0.827,0.851,
,0.851,
-0.784,0.851,
,0.851,
,0.852,
,0.852,
-0.374,0.852,
,0.852,
-0.794,0.852,
,0.852,
,0.852,
-0.476,0.852,
,0.852,
,0.852,
-0.47,0.852,
,0.853,
-0.593,0.853,
-0.494,0.853,
,0.853,
-0.803,0.853,
,0.853,
-0.827,0.853,
,0.853,
,0.853,
-0.901,0.853,
,0.853,
-0.81,0.853,
,0.853,
,0.853,
-0.602,0.853,
,0.853,
,0.854,
,0.854,
,0.854,
-0.441,0.854,
,0.854,
-0.615,0.854,
,0.854,
-0.875,0.854,
,0.854,
-0.868,0.854,
,0.854,
,0.854,
,0.854,
-0.844,0.854,
-0.579,0.854,
,0.854,
,0.855,
-0.836,0.855,
,0.855,
,0.855,
,0.855,
,0.855,
,0.855,
-0.652,0.855,
-0.5,0.855,
,0.855,
,0.855,
,0.855,
-0.872,0.855,
-0.799,0.855,
,0.855,
,0.855,
-0.94,0.856,
-0.895,0.856,
,0.856,
-0.881,0.856,
-0.702,0.856,
-0.698,0.856,
-0.473,0.856,
,0.856,
-0.259,0.856,
,0.856,
,0.856,
,0.856,
,0.857,
-0.391,0.857,
-0.044,0.857,
,0.857,
,0.857,
,0.857,
,0.858,
,0.858,
,0.858,
,0.858,
-0.874,0.858,
-0.87,0.858,
-0.533,0.858,
-0.531,0.858,
-0.5,0.859,
,0.859,
,0.859,
-0.121,0.859,
,0.859,
,0.859,
,0.859,
,0.859,
,0.859,
,0.859,
,0.859,
,0.859,
,0.859,
,0.859,
-0.398,0.86,
,0.86,
-0.53,0.86,
,0.86,
,0.86,
-0.892,0.86,
-0.516,0.86,
,0.86,
-0.887,0.86,
-0.85,0.86,
-0.848,0.86,
-0.776,0.86,
-0.69,0.86,
-0.525,0.861,
-0.494,0.861,
-0.464,0.861,
,0.861,
-0.692,0.861,
,0.861,
,0.861,
,0.861,
-0.652,0.861,
,0.861,
,0.861,
-0.464,0.861,
-0.433,0.861,
-0.384,0.861,
0.203,0.861,
,0.861,
,0.862,
,0.862,
,0.862,
,0.862,
,0.862,
,0.862,
,0.862,
,0.862,
-0.896,0.862,
-0.838,0.862,
-0.777,0.862,
-0.606,0.863,
-0.517,0.863,
,0.863,
,0.863,
,0.863,
-0.73,0.863,
-0.541,0.863,
,0.863,
,0.863,
,0.863,
,0.863,
-0.835,0.863,
-0.83,0.863,
-0.807,0.863,
-0.802,0.864,
-0.774,0.864,
-0.711,0.864,
,0.864,
-0.772,0.864,
,0.864,
,0.864,
,0.864,
-0.701,0.864,
-0.64,0.864,
-0.529,0.864,
,0.864,
,0.865,
,0.865,
,0.865,
,0.865,
-0.844,0.865,
-0.751,0.865,
-0.719,0.865,
-0.497,0.865,
,0.866,
-0.506,0.866,
,0.866,
,0.866,
,0.866,
,0.866,
,0.866,
-0.069,0.866,
,0.866,
,0.866,
,0.866,
,0.866,
,0.866,
,0.866,
-0.901,0.866,
-0.873,0.867,
,0.867,
,0.867,
,0.867,
-0.839,0.867,
-0.824,0.867,
-0.803,0.867,
-0.754,0.867,
-0.751,0.867,
-0.686,0.867,
-0.525,0.867,
-0.517,0.867,
-0.476,0.867,
-0.406,0.867,
,0.867,
,0.868,
,0.868,
,0.868,
,0.868,
,0.868,
,0.868,
,0.868,
,0.868,
,0.868,
,0.868,
,0.869,
,0.869,
,0.869,
,0.869,
-0.008,0.869,
,0.869,
,0.869,
-0.813,0.869,
,0.869,
0.122,0.869,
,0.87,
,0.87,
,0.87,
,0.87,
,0.87,
0.12,0.87,
,0.87,
,0.87,
-0.83,0.87,
-0.702,0.87,
-0.554,0.87,
-0.486,0.87,
-0.47,0.87,
-0.355,0.871,
-0.27,0.871,
,0.871,
-0.506,0.871,
,0.871,
,0.871,
,0.871,
0.252,0.872,
,0.872,
,0.872,
,0.872,
,0.872,
,0.872,
,0.872,
,0.873,
,0.873,
-0.658,0.873,
,0.873,
-0.667,0.873,
,0.873,
,0.873,
-0.515,0.873,
,0.874,
,0.874,
-0.865,0.874,
-0.491,0.874,
,0.874,
,0.874,
,0.874,
-0.371,0.874,
,0.874,
,0.874,
,0.874,
,0.874,
,0.875,
,0.875,
-0.055,0.875,
,0.875,
,0.875,
-0.804,0.875,
-0.794,0.876,
-0.7,0.876,
-0.544,0.876,
-0.5,0.876,
-0.483,0.876,
,0.876,
,0.876,
,0.876,
-0.491,0.877,
,0.877,
,0.877,
,0.877,
,0.877,
,0.877,
,0.877,
,0.878,
,0.878,
,0.878,
-0.867,0.878,
-0.823,0.878,
-0.561,0.878,
,0.878,
,0.878,
-0.834,0.879,
-0.521,0.879,
,0.879,
,0.879,
,0.88,
,0.88,
-0.85,0.88,
-0.82,0.88,
-0.506,0.88,
,0.88,
,0.88,
,0.88,
,0.88,
,0.881,
-0.382,0.881,
,0.881,
-0.892,0.881,
-0.885,0.881,
-0.7,0.881,
-0.48,0.881,
-0.468,0.881,
,0.882,
0.042,0.882,
,0.882,
,0.882,
,0.882,
,0.882,
,0.882,
-0.889,0.882,
-0.735,0.883,
-0.523,0.883,
,0.883,
,0.883,
-0.71,0.883,
-0.572,0.883,
-0.492,0.883,
,0.883,
,0.884,
-0.691,0.884,
-0.413,0.884,
,0.885,
,0.885,
-0.495,0.885,
-0.413,0.885,
,0.885,
,0.885,
,0.885,
,0.885,
-0.487,0.886,
,0.886,
-0.43,0.886,
,0.886,
,0.886,
,0.886,
,0.886,
,0.887,
,0.887,
,0.888,
,0.889,
,0.889,
,0.889,
,0.89,
,0.89,
,0.89,
-0.543,0.89,
,0.89,
,0.891,
-0.591,0.892,
-0.511,0.893,
,0.893,
,0.893,
-0.861,0.894,
-0.831,0.895,
-0.601,0.895,
,0.895,
,0.895,
-0.579,0.896,
-0.574,0.897,
,0.897,
,0.898,
,0.898,
,0.899,
-0.906,0.899,
-0.427,0.899,
,0.9,
,0.9,
,0.901,
,0.903,
,0.904,
,0.905,
,0.908,
-0.555,0.911,
-0.493,0.912,
0.278,0.912,
,0.913,
,0.913,
,0.916,
,0.917,
,0.918,
,0.919,
-0.744,0.922,
-0.467,0.923,
,0.925,
-0.553,0.927,
-0.265,0.929,
,0.947,
